STUDY,CONDITION,ID,USUBJID,TIME,DV,YTYPE,IXGDF,MDV,AMT,ADM,TINF,NT,TIMEUNIT,NAME,ADDL,II,UNIT,TRTNAME,TRT,DOSE,ROUTE,EVID,CENS,RATE,TAD,TIMEPOS,WT,LVW,CMT2
1,1,1,1,0,.,.,1,1,276800,1,0,0,HOURS,INPUT1,0,0,,QD,1,10,IV,1,0,NA,0,0,27.68,1.3003,2
1,1,1,1,0.033,7333.59,1,2,0,NA,.,0,0.033,HOURS,OUTPUT1,0,0,,QD,1,10,1,0,0,NA,0.033,0.033,27.68,1.3003,2
1,1,2,2,0,.,.,3,1,269800,1,0,0,HOURS,INPUT1,0,0,,QD,1,10,IV,1,0,NA,0,0,26.98,1.3003,2
1,1,2,2,0.033,4663.91,1,4,0,NA,.,0,0.033,HOURS,OUTPUT1,0,0,,QD,1,10,1,0,0,NA,0.033,0.033,26.98,1.3003,2
1,1,3,3,0,.,.,5,1,295700,1,0,0,HOURS,INPUT1,0,0,,QD,1,10,IV,1,0,NA,0,0,29.57,1.3003,2
1,1,3,3,0.033,3794.48,1,6,0,NA,.,0,0.033,HOURS,OUTPUT1,0,0,,QD,1,10,1,0,0,NA,0.033,0.033,29.57,1.3003,2
1,1,4,4,0,.,.,7,1,298400,1,0,0,HOURS,INPUT1,0,0,,QD,1,10,IV,1,0,NA,0,0,29.84,1.3003,2
1,1,4,4,0.083,1191.5,1,8,0,NA,.,0,0.083,HOURS,OUTPUT1,0,0,,QD,1,10,1,0,0,NA,0.083,0.083,29.84,1.3003,2
1,1,5,5,0,.,.,9,1,279700,1,0,0,HOURS,INPUT1,0,0,,QD,1,10,IV,1,0,NA,0,0,27.97,1.3003,2
1,1,5,5,0.083,1178.81,1,10,0,NA,.,0,0.083,HOURS,OUTPUT1,0,0,,QD,1,10,1,0,0,NA,0.083,0.083,27.97,1.3003,2
1,1,6,6,0,.,.,11,1,305200,1,0,0,HOURS,INPUT1,0,0,,QD,1,10,IV,1,0,NA,0,0,30.52,1.3003,2
1,1,6,6,0.083,1258.79,1,12,0,NA,.,0,0.083,HOURS,OUTPUT1,0,0,,QD,1,10,1,0,0,NA,0.083,0.083,30.52,1.3003,2
1,1,7,7,0,.,.,13,1,282000,1,0,0,HOURS,INPUT1,0,0,,QD,1,10,IV,1,0,NA,0,0,28.2,1.3003,2
1,1,7,7,0.25,879.32,1,14,0,NA,.,0,0.25,HOURS,OUTPUT1,0,0,,QD,1,10,1,0,0,NA,0.25,0.25,28.2,1.3003,2
1,1,8,8,0,.,.,15,1,275600,1,0,0,HOURS,INPUT1,0,0,,QD,1,10,IV,1,0,NA,0,0,27.56,1.3003,2
1,1,8,8,0.25,525.94,1,16,0,NA,.,0,0.25,HOURS,OUTPUT1,0,0,,QD,1,10,1,0,0,NA,0.25,0.25,27.56,1.3003,2
1,1,9,9,0,.,.,17,1,282400,1,0,0,HOURS,INPUT1,0,0,,QD,1,10,IV,1,0,NA,0,0,28.24,1.3003,2
1,1,9,9,0.25,546.45,1,18,0,NA,.,0,0.25,HOURS,OUTPUT1,0,0,,QD,1,10,1,0,0,NA,0.25,0.25,28.24,1.3003,2
1,1,10,10,0,.,.,19,1,283600,1,0,0,HOURS,INPUT1,0,0,,QD,1,10,IV,1,0,NA,0,0,28.36,1.3003,2
1,1,10,10,0.5,1256.22,1,20,0,NA,.,0,0.5,HOURS,OUTPUT1,0,0,,QD,1,10,1,0,0,NA,0.5,0.5,28.36,1.3003,2
1,1,11,11,0,.,.,21,1,303800,1,0,0,HOURS,INPUT1,0,0,,QD,1,10,IV,1,0,NA,0,0,30.38,1.6399,2
1,1,11,11,0.5,356.47,1,22,0,NA,.,0,0.5,HOURS,OUTPUT1,0,0,,QD,1,10,1,0,0,NA,0.5,0.5,30.38,1.6399,2
1,1,12,12,0,.,.,23,1,276100,1,0,0,HOURS,INPUT1,0,0,,QD,1,10,IV,1,0,NA,0,0,27.61,1.3386,2
1,1,12,12,0.5,49.88,1,24,0,NA,.,0,0.5,HOURS,OUTPUT1,0,0,,QD,1,10,1,0,0,NA,0.5,0.5,27.61,1.3386,2
1,1,13,13,0,.,.,25,1,288900,1,0,0,HOURS,INPUT1,0,0,,QD,1,10,IV,1,0,NA,0,0,28.89,1.5619,2
1,1,13,13,0.75,231.89,1,26,0,NA,.,0,0.75,HOURS,OUTPUT1,0,0,,QD,1,10,1,0,0,NA,0.75,0.75,28.89,1.5619,2
1,1,14,14,0,.,.,27,1,279100,1,0,0,HOURS,INPUT1,0,0,,QD,1,10,IV,1,0,NA,0,0,27.91,1.5619,2
1,1,14,14,0.75,21.36,1,28,0,NA,.,0,0.75,HOURS,OUTPUT1,0,0,,QD,1,10,1,0,0,NA,0.75,0.75,27.91,1.5619,2
1,1,15,15,0,.,.,29,1,290300,1,0,0,HOURS,INPUT1,0,0,,QD,1,10,IV,1,0,NA,0,0,29.03,1.5619,2
1,1,15,15,0.75,16.51,1,30,0,NA,.,0,0.75,HOURS,OUTPUT1,0,0,,QD,1,10,1,0,0,NA,0.75,0.75,29.03,1.5619,2
1,1,16,16,0,.,.,31,1,277400,1,0,0,HOURS,INPUT1,0,0,,QD,1,10,IV,1,0,NA,0,0,27.74,1.5619,2
1,1,16,16,1,307.94,1,32,0,NA,.,0,1,HOURS,OUTPUT1,0,0,,QD,1,10,1,0,0,NA,1,1,27.74,1.5619,2
1,1,17,17,0,.,.,33,1,280000,1,0,0,HOURS,INPUT1,0,0,,QD,1,10,IV,1,0,NA,0,0,28,1.1481,2
1,1,17,17,1,551.86,1,34,0,NA,.,0,1,HOURS,OUTPUT1,0,0,,QD,1,10,1,0,0,NA,1,1,28,1.1481,2
1,1,18,18,0,.,.,35,1,290300,1,0,0,HOURS,INPUT1,0,0,,QD,1,10,IV,1,0,NA,0,0,29.03,1.4717,2
1,1,18,18,1,6.69,1,36,0,NA,.,0,1,HOURS,OUTPUT1,0,0,,QD,1,10,1,0,0,NA,1,1,29.03,1.4717,2
1,1,19,19,0,.,.,37,1,281000,1,0,0,HOURS,INPUT1,0,0,,QD,1,10,IV,1,0,NA,0,0,28.1,1.464,2
1,1,19,19,2,0.9,1,38,0,NA,.,0,2,HOURS,OUTPUT1,0,0,,QD,1,10,1,0,0,NA,2,2,28.1,1.464,2
1,1,20,20,0,.,.,39,1,276700,1,0,0,HOURS,INPUT1,0,0,,QD,1,10,IV,1,0,NA,0,0,27.67,1.4273,2
1,1,20,20,2,4.8,1,40,0,NA,.,0,2,HOURS,OUTPUT1,0,0,,QD,1,10,1,0,0,NA,2,2,27.67,1.4273,2
1,1,21,21,0,.,.,41,1,265200,1,0,0,HOURS,INPUT1,0,0,,QD,1,10,IV,1,0,NA,0,0,26.52,1.2356,2
1,1,21,21,2,3.6,1,42,0,NA,.,0,2,HOURS,OUTPUT1,0,0,,QD,1,10,1,0,0,NA,2,2,26.52,1.2356,2
1,1,25,25,0,.,.,43,1,270300,1,0,0,HOURS,INPUT1,0,0,,QD,1,10,IV,1,0,NA,0,0,27.03,1.5917,2
1,1,25,25,4,1.02,1,44,0,NA,.,0,4,HOURS,OUTPUT1,0,0,,QD,1,10,1,0,0,NA,4,4,27.03,1.5917,2
1,1,26,26,0,.,.,45,1,282900,1,0,0,HOURS,INPUT1,0,0,,QD,1,10,IV,1,0,NA,0,0,28.29,1.5331,2
1,1,26,26,4,0.03,1,46,0,NA,.,0,4,HOURS,OUTPUT1,0,0,,QD,1,10,1,0,0,NA,4,4,28.29,1.5331,2
1,1,27,27,0,.,.,47,1,278400,1,0,0,HOURS,INPUT1,0,0,,QD,1,10,IV,1,0,NA,0,0,27.84,1.5836,2
1,1,27,27,4,1.2,1,48,0,NA,.,0,4,HOURS,OUTPUT1,0,0,,QD,1,10,1,0,0,NA,4,4,27.84,1.5836,2
1,1,29,29,0,.,.,51,1,265100,1,0,0,HOURS,INPUT1,0,0,,QD,1,10,IV,1,0,NA,0,0,26.51,1.7962,2
1,1,29,29,6,0.6,1,52,0,NA,.,0,6,HOURS,OUTPUT1,0,0,,QD,1,10,1,0,0,NA,6,6,26.51,1.7962,2
1,1,30,30,0,.,.,53,1,289400,1,0,0,HOURS,INPUT1,0,0,,QD,1,10,IV,1,0,NA,0,0,28.94,1.7962,2
1,1,30,30,6,3.05,1,54,0,NA,.,0,6,HOURS,OUTPUT1,0,0,,QD,1,10,1,0,0,NA,6,6,28.94,1.7962,2
1,1,31,31,0,.,.,55,1,282100,1,0,0,HOURS,INPUT1,0,0,,QD,1,10,IV,1,0,NA,0,0,28.21,1.7962,2
1,1,31,31,8,0.61,1,56,0,NA,.,0,8,HOURS,OUTPUT1,0,0,,QD,1,10,1,0,0,NA,8,8,28.21,1.7962,2
1,1,32,32,0,.,.,57,1,272000,1,0,0,HOURS,INPUT1,0,0,,QD,1,10,IV,1,0,NA,0,0,27.2,1.6345,2
1,1,32,32,8,0.85,1,58,0,NA,.,0,8,HOURS,OUTPUT1,0,0,,QD,1,10,1,0,0,NA,8,8,27.2,1.6345,2
1,1,33,33,0,.,.,59,1,277200,1,0,0,HOURS,INPUT1,0,0,,QD,1,10,IV,1,0,NA,0,0,27.72,1.7872,2
1,1,33,33,8,0.38,1,60,0,NA,.,0,8,HOURS,OUTPUT1,0,0,,QD,1,10,1,0,0,NA,8,8,27.72,1.7872,2
1,1,34,34,0,.,.,61,1,273400,1,0,0,HOURS,INPUT1,0,0,,QD,1,10,PO,1,0,NA,0,0,27.34,1.2836,1
1,1,34,34,0,0,1,62,0,NA,.,0,0,HOURS,OUTPUT1,0,0,,QD,1,10,.,0,0,NA,0,0,27.34,1.2836,2
1,1,34,34,0.033,21.44,1,63,0,NA,.,0,0.033,HOURS,OUTPUT1,0,0,,QD,1,10,.,0,0,NA,0.033,0.033,27.34,1.2836,2
1,1,35,35,0,.,.,64,1,277400,1,0,0,HOURS,INPUT1,0,0,,QD,1,10,PO,1,0,NA,0,0,27.74,1.2836,1
1,1,35,35,0,0,1,65,0,NA,.,0,0,HOURS,OUTPUT1,0,0,,QD,1,10,.,0,0,NA,0,0,27.74,1.2836,2
1,1,35,35,0.033,16.6,1,66,0,NA,.,0,0.033,HOURS,OUTPUT1,0,0,,QD,1,10,.,0,0,NA,0.033,0.033,27.74,1.2836,2
1,1,36,36,0,.,.,67,1,270800,1,0,0,HOURS,INPUT1,0,0,,QD,1,10,PO,1,0,NA,0,0,27.08,1.2836,1
1,1,36,36,0,0,1,68,0,NA,.,0,0,HOURS,OUTPUT1,0,0,,QD,1,10,.,0,0,NA,0,0,27.08,1.2836,2
1,1,36,36,0.033,22.37,1,69,0,NA,.,0,0.033,HOURS,OUTPUT1,0,0,,QD,1,10,.,0,0,NA,0.033,0.033,27.08,1.2836,2
1,1,37,37,0,.,.,70,1,273000,1,0,0,HOURS,INPUT1,0,0,,QD,1,10,PO,1,0,NA,0,0,27.3,1.2836,1
1,1,37,37,0,0,1,71,0,NA,.,0,0,HOURS,OUTPUT1,0,0,,QD,1,10,.,0,0,NA,0,0,27.3,1.2836,2
1,1,37,37,0.083,25.68,1,72,0,NA,.,0,0.083,HOURS,OUTPUT1,0,0,,QD,1,10,.,0,0,NA,0.083,0.083,27.3,1.2836,2
1,1,38,38,0,.,.,73,1,292900,1,0,0,HOURS,INPUT1,0,0,,QD,1,10,PO,1,0,NA,0,0,29.29,1.2836,1
1,1,38,38,0,0,1,74,0,NA,.,0,0,HOURS,OUTPUT1,0,0,,QD,1,10,.,0,0,NA,0,0,29.29,1.2836,2
1,1,38,38,0.083,9.52,1,75,0,NA,.,0,0.083,HOURS,OUTPUT1,0,0,,QD,1,10,.,0,0,NA,0.083,0.083,29.29,1.2836,2
1,1,39,39,0,.,.,76,1,265900,1,0,0,HOURS,INPUT1,0,0,,QD,1,10,PO,1,0,NA,0,0,26.59,1.2836,1
1,1,39,39,0,0,1,77,0,NA,.,0,0,HOURS,OUTPUT1,0,0,,QD,1,10,.,0,0,NA,0,0,26.59,1.2836,2
1,1,39,39,0.083,46.71,1,78,0,NA,.,0,0.083,HOURS,OUTPUT1,0,0,,QD,1,10,.,0,0,NA,0.083,0.083,26.59,1.2836,2
1,1,40,40,0,.,.,79,1,268700,1,0,0,HOURS,INPUT1,0,0,,QD,1,10,PO,1,0,NA,0,0,26.87,1.2836,1
1,1,40,40,0,0,1,80,0,NA,.,0,0,HOURS,OUTPUT1,0,0,,QD,1,10,.,0,0,NA,0,0,26.87,1.2836,2
1,1,40,40,0.25,44.58,1,81,0,NA,.,0,0.25,HOURS,OUTPUT1,0,0,,QD,1,10,.,0,0,NA,0.25,0.25,26.87,1.2836,2
1,1,41,41,0,.,.,82,1,273800,1,0,0,HOURS,INPUT1,0,0,,QD,1,10,PO,1,0,NA,0,0,27.38,1.2836,1
1,1,41,41,0,0,1,83,0,NA,.,0,0,HOURS,OUTPUT1,0,0,,QD,1,10,.,0,0,NA,0,0,27.38,1.2836,2
1,1,41,41,0.25,30.57,1,84,0,NA,.,0,0.25,HOURS,OUTPUT1,0,0,,QD,1,10,.,0,0,NA,0.25,0.25,27.38,1.2836,2
1,1,42,42,0,.,.,85,1,277100,1,0,0,HOURS,INPUT1,0,0,,QD,1,10,PO,1,0,NA,0,0,27.71,1.2836,1
1,1,42,42,0,0,1,86,0,NA,.,0,0,HOURS,OUTPUT1,0,0,,QD,1,10,.,0,0,NA,0,0,27.71,1.2836,2
1,1,42,42,0.25,5.01,1,87,0,NA,.,0,0.25,HOURS,OUTPUT1,0,0,,QD,1,10,.,0,0,NA,0.25,0.25,27.71,1.2836,2
1,1,43,43,0,.,.,88,1,283200,1,0,0,HOURS,INPUT1,0,0,,QD,1,10,PO,1,0,NA,0,0,28.32,1.2836,1
1,1,43,43,0,0,1,89,0,NA,.,0,0,HOURS,OUTPUT1,0,0,,QD,1,10,.,0,0,NA,0,0,28.32,1.2836,2
1,1,43,43,0.5,21.49,1,90,0,NA,.,0,0.5,HOURS,OUTPUT1,0,0,,QD,1,10,.,0,0,NA,0.5,0.5,28.32,1.2836,2
1,1,44,44,0,.,.,91,1,295100,1,0,0,HOURS,INPUT1,0,0,,QD,1,10,PO,1,0,NA,0,0,29.51,1.5218,1
1,1,44,44,0,0,1,92,0,NA,.,0,0,HOURS,OUTPUT1,0,0,,QD,1,10,.,0,0,NA,0,0,29.51,1.5218,2
1,1,44,44,0.5,47.16,1,93,0,NA,.,0,0.5,HOURS,OUTPUT1,0,0,,QD,1,10,.,0,0,NA,0.5,0.5,29.51,1.5218,2
1,1,45,45,0,.,.,94,1,301000,1,0,0,HOURS,INPUT1,0,0,,QD,1,10,PO,1,0,NA,0,0,30.1,1.4692,1
1,1,45,45,0,0,1,95,0,NA,.,0,0,HOURS,OUTPUT1,0,0,,QD,1,10,.,0,0,NA,0,0,30.1,1.4692,2
1,1,45,45,0.5,46.16,1,96,0,NA,.,0,0.5,HOURS,OUTPUT1,0,0,,QD,1,10,.,0,0,NA,0.5,0.5,30.1,1.4692,2
1,1,46,46,0,.,.,97,1,298300,1,0,0,HOURS,INPUT1,0,0,,QD,1,10,PO,1,0,NA,0,0,29.83,1.3174,1
1,1,46,46,0,0,1,98,0,NA,.,0,0,HOURS,OUTPUT1,0,0,,QD,1,10,.,0,0,NA,0,0,29.83,1.3174,2
1,1,46,46,0.75,76.97,1,99,0,NA,.,0,0.75,HOURS,OUTPUT1,0,0,,QD,1,10,.,0,0,NA,0.75,0.75,29.83,1.3174,2
1,1,47,47,0,.,.,100,1,296100,1,0,0,HOURS,INPUT1,0,0,,QD,1,10,PO,1,0,NA,0,0,29.61,1.3174,1
1,1,47,47,0,0,1,101,0,NA,.,0,0,HOURS,OUTPUT1,0,0,,QD,1,10,.,0,0,NA,0,0,29.61,1.3174,2
1,1,47,47,0.75,19.56,1,102,0,NA,.,0,0.75,HOURS,OUTPUT1,0,0,,QD,1,10,.,0,0,NA,0.75,0.75,29.61,1.3174,2
1,1,48,48,0,.,.,103,1,287300,1,0,0,HOURS,INPUT1,0,0,,QD,1,10,PO,1,0,NA,0,0,28.73,1.3174,1
1,1,48,48,0,0,1,104,0,NA,.,0,0,HOURS,OUTPUT1,0,0,,QD,1,10,.,0,0,NA,0,0,28.73,1.3174,2
1,1,48,48,0.75,15.36,1,105,0,NA,.,0,0.75,HOURS,OUTPUT1,0,0,,QD,1,10,.,0,0,NA,0.75,0.75,28.73,1.3174,2
1,1,49,49,0,.,.,106,1,272900,1,0,0,HOURS,INPUT1,0,0,,QD,1,10,PO,1,0,NA,0,0,27.29,1.3174,1
1,1,49,49,0,0,1,107,0,NA,.,0,0,HOURS,OUTPUT1,0,0,,QD,1,10,.,0,0,NA,0,0,27.29,1.3174,2
1,1,49,49,1,7.46,1,108,0,NA,.,0,1,HOURS,OUTPUT1,0,0,,QD,1,10,.,0,0,NA,1,1,27.29,1.3174,2
1,1,50,50,0,.,.,109,1,287100,1,0,0,HOURS,INPUT1,0,0,,QD,1,10,PO,1,0,NA,0,0,28.71,1.387,1
1,1,50,50,0,0,1,110,0,NA,.,0,0,HOURS,OUTPUT1,0,0,,QD,1,10,.,0,0,NA,0,0,28.71,1.387,2
1,1,50,50,1,59.38,1,111,0,NA,.,0,1,HOURS,OUTPUT1,0,0,,QD,1,10,.,0,0,NA,1,1,28.71,1.387,2
1,1,51,51,0,.,.,112,1,296300,1,0,0,HOURS,INPUT1,0,0,,QD,1,10,PO,1,0,NA,0,0,29.63,1.6987,1
1,1,51,51,0,0,1,113,0,NA,.,0,0,HOURS,OUTPUT1,0,0,,QD,1,10,.,0,0,NA,0,0,29.63,1.6987,2
1,1,51,51,1,22.34,1,114,0,NA,.,0,1,HOURS,OUTPUT1,0,0,,QD,1,10,.,0,0,NA,1,1,29.63,1.6987,2
1,1,52,52,0,.,.,115,1,284800,1,0,0,HOURS,INPUT1,0,0,,QD,1,10,PO,1,0,NA,0,0,28.48,1.4402,1
1,1,52,52,0,0,1,116,0,NA,.,0,0,HOURS,OUTPUT1,0,0,,QD,1,10,.,0,0,NA,0,0,28.48,1.4402,2
1,1,52,52,2,3.2,1,117,0,NA,.,0,2,HOURS,OUTPUT1,0,0,,QD,1,10,.,0,0,NA,2,2,28.48,1.4402,2
1,1,53,53,0,.,.,118,1,285100,1,0,0,HOURS,INPUT1,0,0,,QD,1,10,PO,1,0,NA,0,0,28.51,1.2256,1
1,1,53,53,0,0,1,119,0,NA,.,0,0,HOURS,OUTPUT1,0,0,,QD,1,10,.,0,0,NA,0,0,28.51,1.2256,2
1,1,53,53,2,1.15,1,120,0,NA,.,0,2,HOURS,OUTPUT1,0,0,,QD,1,10,.,0,0,NA,2,2,28.51,1.2256,2
1,1,54,54,0,.,.,121,1,274900,1,0,0,HOURS,INPUT1,0,0,,QD,1,10,PO,1,0,NA,0,0,27.49,1.2772,1
1,1,54,54,0,0,1,122,0,NA,.,0,0,HOURS,OUTPUT1,0,0,,QD,1,10,.,0,0,NA,0,0,27.49,1.2772,2
1,1,54,54,2,24.32,1,123,0,NA,.,0,2,HOURS,OUTPUT1,0,0,,QD,1,10,.,0,0,NA,2,2,27.49,1.2772,2
1,1,55,55,0,.,.,124,1,303300,1,0,0,HOURS,INPUT1,0,0,,QD,1,10,PO,1,0,NA,0,0,30.33,1.5539,1
1,1,55,55,0,0,1,125,0,NA,.,0,0,HOURS,OUTPUT1,0,0,,QD,1,10,.,0,0,NA,0,0,30.33,1.5539,2
1,1,55,55,3,16.55,1,126,0,NA,.,0,3,HOURS,OUTPUT1,0,0,,QD,1,10,.,0,0,NA,3,3,30.33,1.5539,2
1,1,56,56,0,.,.,127,1,279500,1,0,0,HOURS,INPUT1,0,0,,QD,1,10,PO,1,0,NA,0,0,27.95,1.5539,1
1,1,56,56,0,0,1,128,0,NA,.,0,0,HOURS,OUTPUT1,0,0,,QD,1,10,.,0,0,NA,0,0,27.95,1.5539,2
1,1,56,56,3,2.56,1,129,0,NA,.,0,3,HOURS,OUTPUT1,0,0,,QD,1,10,.,0,0,NA,3,3,27.95,1.5539,2
1,1,57,57,0,.,.,130,1,275000,1,0,0,HOURS,INPUT1,0,0,,QD,1,10,PO,1,0,NA,0,0,27.5,1.5539,1
1,1,57,57,0,0,1,131,0,NA,.,0,0,HOURS,OUTPUT1,0,0,,QD,1,10,.,0,0,NA,0,0,27.5,1.5539,2
1,1,57,57,3,1.84,1,132,0,NA,.,0,3,HOURS,OUTPUT1,0,0,,QD,1,10,.,0,0,NA,3,3,27.5,1.5539,2
1,1,58,58,0,.,.,133,1,274500,1,0,0,HOURS,INPUT1,0,0,,QD,1,10,PO,1,0,NA,0,0,27.45,1.5539,1
1,1,58,58,0,0,1,134,0,NA,.,0,0,HOURS,OUTPUT1,0,0,,QD,1,10,.,0,0,NA,0,0,27.45,1.5539,2
1,1,58,58,4,3.85,1,135,0,NA,.,0,4,HOURS,OUTPUT1,0,0,,QD,1,10,.,0,0,NA,4,4,27.45,1.5539,2
1,1,59,59,0,.,.,136,1,283500,1,0,0,HOURS,INPUT1,0,0,,QD,1,10,PO,1,0,NA,0,0,28.35,1.5491,1
1,1,59,59,0,0,1,137,0,NA,.,0,0,HOURS,OUTPUT1,0,0,,QD,1,10,.,0,0,NA,0,0,28.35,1.5491,2
1,1,59,59,4,7.78,1,138,0,NA,.,0,4,HOURS,OUTPUT1,0,0,,QD,1,10,.,0,0,NA,4,4,28.35,1.5491,2
1,1,60,60,0,.,.,139,1,288500,1,0,0,HOURS,INPUT1,0,0,,QD,1,10,PO,1,0,NA,0,0,28.85,1.4813,1
1,1,60,60,0,0,1,140,0,NA,.,0,0,HOURS,OUTPUT1,0,0,,QD,1,10,.,0,0,NA,0,0,28.85,1.4813,2
1,1,60,60,4,2.8,1,141,0,NA,.,0,4,HOURS,OUTPUT1,0,0,,QD,1,10,.,0,0,NA,4,4,28.85,1.4813,2
1,1,62,62,0,.,.,142,1,290400,1,0,0,HOURS,INPUT1,0,0,,QD,1,10,PO,1,0,NA,0,0,29.04,1.5658,1
1,1,62,62,0,0,1,143,0,NA,.,0,0,HOURS,OUTPUT1,0,0,,QD,1,10,.,0,0,NA,0,0,29.04,1.5658,2
1,1,62,62,6,0.16,1,144,0,NA,.,0,6,HOURS,OUTPUT1,0,0,,QD,1,10,.,0,0,NA,6,6,29.04,1.5658,2
1,1,63,63,0,.,.,145,1,273300,1,0,0,HOURS,INPUT1,0,0,,QD,1,10,PO,1,0,NA,0,0,27.33,1.5658,1
1,1,63,63,0,0,1,146,0,NA,.,0,0,HOURS,OUTPUT1,0,0,,QD,1,10,.,0,0,NA,0,0,27.33,1.5658,2
1,1,63,63,6,2.7,1,147,0,NA,.,0,6,HOURS,OUTPUT1,0,0,,QD,1,10,.,0,0,NA,6,6,27.33,1.5658,2
1,1,65,65,0,.,.,148,1,285600,1,0,0,HOURS,INPUT1,0,0,,QD,1,10,PO,1,0,NA,0,0,28.56,1.7403,1
1,1,65,65,0,0,1,149,0,NA,.,0,0,HOURS,OUTPUT1,0,0,,QD,1,10,.,0,0,NA,0,0,28.56,1.7403,2
1,1,65,65,8,0.55,1,150,0,NA,.,0,8,HOURS,OUTPUT1,0,0,,QD,1,10,.,0,0,NA,8,8,28.56,1.7403,2
1,1,66,66,0,.,.,151,1,273700,1,0,0,HOURS,INPUT1,0,0,,QD,1,10,PO,1,0,NA,0,0,27.37,1.5724,1
1,1,66,66,0,0,1,152,0,NA,.,0,0,HOURS,OUTPUT1,0,0,,QD,1,10,.,0,0,NA,0,0,27.37,1.5724,2
1,1,66,66,8,2.44,1,153,0,NA,.,0,8,HOURS,OUTPUT1,0,0,,QD,1,10,.,0,0,NA,8,8,27.37,1.5724,2
1,1,67,67,0,.,.,154,1,280000,1,0,0.017,HOURS,INPUT1,0,0,,QD,1,10,IV,1,0,NA,0.017,0,28,1.4,2
1,1,67,67,0.017,7256,1,155,0,NA,.,0,0.017,HOURS,OUTPUT1,0,0,,QD,1,10,1,0,0,NA,0.017,0.017,28,1.4,2
1,1,68,68,0,.,.,156,1,280000,1,0,0.017,HOURS,INPUT1,0,0,,QD,1,10,IV,1,0,NA,0.017,0,28,1.4,2
1,1,68,68,0.017,8399.9,1,157,0,NA,.,0,0.017,HOURS,OUTPUT1,0,0,,QD,1,10,1,0,0,NA,0.017,0.017,28,1.4,2
1,1,69,69,0,.,.,158,1,280000,1,0,0.017,HOURS,INPUT1,0,0,,QD,1,10,IV,1,0,NA,0.017,0,28,1.4,2
1,1,69,69,0.017,10783.4,1,159,0,NA,.,0,0.017,HOURS,OUTPUT1,0,0,,QD,1,10,1,0,0,NA,0.017,0.017,28,1.4,2
1,1,70,70,0,.,.,160,1,280000,1,0,0.083,HOURS,INPUT1,0,0,,QD,1,10,IV,1,0,NA,0.083,0,28,1.4,2
1,1,70,70,0.083,1942.4,1,161,0,NA,.,0,0.083,HOURS,OUTPUT1,0,0,,QD,1,10,1,0,0,NA,0.083,0.083,28,1.4,2
1,1,71,71,0,.,.,162,1,280000,1,0,0.083,HOURS,INPUT1,0,0,,QD,1,10,IV,1,0,NA,0.083,0,28,1.4,2
1,1,71,71,0.083,1919.4,1,163,0,NA,.,0,0.083,HOURS,OUTPUT1,0,0,,QD,1,10,1,0,0,NA,0.083,0.083,28,1.4,2
1,1,72,72,0,.,.,164,1,280000,1,0,0.083,HOURS,INPUT1,0,0,,QD,1,10,IV,1,0,NA,0.083,0,28,1.4,2
1,1,72,72,0.083,1731.5,1,165,0,NA,.,0,0.083,HOURS,OUTPUT1,0,0,,QD,1,10,1,0,0,NA,0.083,0.083,28,1.4,2
1,1,73,73,0,.,.,166,1,280000,1,0,0.25,HOURS,INPUT1,0,0,,QD,1,10,IV,1,0,NA,0.25,0,28,1.4,2
1,1,73,73,0.25,211.7,1,167,0,NA,.,0,0.25,HOURS,OUTPUT1,0,0,,QD,1,10,1,0,0,NA,0.25,0.25,28,1.4,2
1,1,74,74,0,.,.,168,1,280000,1,0,0.25,HOURS,INPUT1,0,0,,QD,1,10,IV,1,0,NA,0.25,0,28,1.4,2
1,1,74,74,0.25,308.5,1,169,0,NA,.,0,0.25,HOURS,OUTPUT1,0,0,,QD,1,10,1,0,0,NA,0.25,0.25,28,1.4,2
1,1,75,75,0,.,.,170,1,280000,1,0,0.25,HOURS,INPUT1,0,0,,QD,1,10,IV,1,0,NA,0.25,0,28,1.4,2
1,1,75,75,0.25,304.6,1,171,0,NA,.,0,0.25,HOURS,OUTPUT1,0,0,,QD,1,10,1,0,0,NA,0.25,0.25,28,1.4,2
1,1,76,76,0,.,.,172,1,280000,1,0,0.5,HOURS,INPUT1,0,0,,QD,1,10,IV,1,0,NA,0.5,0,28,1.4,2
1,1,76,76,0.5,71.7,1,173,0,NA,.,0,0.5,HOURS,OUTPUT1,0,0,,QD,1,10,1,0,0,NA,0.5,0.5,28,1.4,2
1,1,77,77,0,.,.,174,1,280000,1,0,0.5,HOURS,INPUT1,0,0,,QD,1,10,IV,1,0,NA,0.5,0,28,1.4,2
1,1,77,77,0.5,169.5,1,175,0,NA,.,0,0.5,HOURS,OUTPUT1,0,0,,QD,1,10,1,0,0,NA,0.5,0.5,28,1.4,2
1,1,78,78,0,.,.,176,1,280000,1,0,0.5,HOURS,INPUT1,0,0,,QD,1,10,IV,1,0,NA,0.5,0,28,1.4,2
1,1,78,78,0.5,192.5,1,177,0,NA,.,0,0.5,HOURS,OUTPUT1,0,0,,QD,1,10,1,0,0,NA,0.5,0.5,28,1.4,2
1,1,79,79,0,.,.,178,1,280000,1,0,1,HOURS,INPUT1,0,0,,QD,1,10,IV,1,0,NA,1,0,28,1.4,2
1,1,79,79,1,309.4,1,179,0,NA,.,0,1,HOURS,OUTPUT1,0,0,,QD,1,10,1,0,0,NA,1,1,28,1.4,2
1,1,80,80,0,.,.,180,1,280000,1,0,1,HOURS,INPUT1,0,0,,QD,1,10,IV,1,0,NA,1,0,28,1.4,2
1,1,80,80,1,72.4,1,181,0,NA,.,0,1,HOURS,OUTPUT1,0,0,,QD,1,10,1,0,0,NA,1,1,28,1.4,2
1,1,81,81,0,.,.,182,1,280000,1,0,1,HOURS,INPUT1,0,0,,QD,1,10,IV,1,0,NA,1,0,28,1.4,2
1,1,81,81,1,17.6,1,183,0,NA,.,0,1,HOURS,OUTPUT1,0,0,,QD,1,10,1,0,0,NA,1,1,28,1.4,2
1,1,82,82,0,.,.,184,1,280000,1,0,2,HOURS,INPUT1,0,0,,QD,1,10,IV,1,0,NA,2,0,28,1.4,2
1,1,82,82,2,4.5,1,185,0,NA,.,0,2,HOURS,OUTPUT1,0,0,,QD,1,10,1,0,0,NA,2,2,28,1.4,2
1,1,83,83,0,.,.,186,1,280000,1,0,2,HOURS,INPUT1,0,0,,QD,1,10,IV,1,0,NA,2,0,28,1.4,2
1,1,83,83,2,4.5,1,187,0,NA,.,0,2,HOURS,OUTPUT1,0,0,,QD,1,10,1,0,0,NA,2,2,28,1.4,2
1,1,84,84,0,.,.,188,1,280000,1,0,2,HOURS,INPUT1,0,0,,QD,1,10,IV,1,0,NA,2,0,28,1.4,2
1,1,84,84,2,9.8,1,189,0,NA,.,0,2,HOURS,OUTPUT1,0,0,,QD,1,10,1,0,0,NA,2,2,28,1.4,2
1,1,85,85,0,.,.,190,1,280000,1,0,4,HOURS,INPUT1,0,0,,QD,1,10,IV,1,0,NA,4,0,28,1.4,2
1,1,85,85,4,5.4,1,191,0,NA,.,0,4,HOURS,OUTPUT1,0,0,,QD,1,10,1,0,0,NA,4,4,28,1.4,2
1,1,86,86,0,.,.,192,1,280000,1,0,4,HOURS,INPUT1,0,0,,QD,1,10,IV,1,0,NA,4,0,28,1.4,2
1,1,86,86,4,0.2,1,193,0,NA,.,0,4,HOURS,OUTPUT1,0,0,,QD,1,10,1,0,0,NA,4,4,28,1.4,2
1,1,87,87,0,.,.,194,1,280000,1,0,4,HOURS,INPUT1,0,0,,QD,1,10,IV,1,0,NA,4,0,28,1.4,2
1,1,87,87,4,13.6,1,195,0,NA,.,0,4,HOURS,OUTPUT1,0,0,,QD,1,10,1,0,0,NA,4,4,28,1.4,2
1,1,88,88,0,.,.,196,1,280000,1,0,6,HOURS,INPUT1,0,0,,QD,1,10,IV,1,0,NA,6,0,28,1.4,2
1,1,88,88,6,16.1,1,197,0,NA,.,0,6,HOURS,OUTPUT1,0,0,,QD,1,10,1,0,0,NA,6,6,28,1.4,2
1,1,89,89,0,.,.,198,1,280000,1,0,6,HOURS,INPUT1,0,0,,QD,1,10,IV,1,0,NA,6,0,28,1.4,2
1,1,89,89,6,0.4,1,199,0,NA,.,0,6,HOURS,OUTPUT1,0,0,,QD,1,10,1,0,0,NA,6,6,28,1.4,2
1,1,90,90,0,.,.,200,1,280000,1,0,6,HOURS,INPUT1,0,0,,QD,1,10,IV,1,0,NA,6,0,28,1.4,2
1,1,90,90,6,0.6,1,201,0,NA,.,0,6,HOURS,OUTPUT1,0,0,,QD,1,10,1,0,0,NA,6,6,28,1.4,2
1,1,91,91,0,.,.,202,1,280000,1,0,8,HOURS,INPUT1,0,0,,QD,1,10,IV,1,0,NA,8,0,28,1.4,2
1,1,91,91,8,0.5,1,203,0,NA,.,0,8,HOURS,OUTPUT1,0,0,,QD,1,10,1,0,0,NA,8,8,28,1.4,2
1,1,92,92,0,.,.,204,1,280000,1,0,8,HOURS,INPUT1,0,0,,QD,1,10,IV,1,0,NA,8,0,28,1.4,2
1,1,92,92,8,0.6,1,205,0,NA,.,0,8,HOURS,OUTPUT1,0,0,,QD,1,10,1,0,0,NA,8,8,28,1.4,2
1,1,93,93,0,.,.,206,1,280000,1,0,8,HOURS,INPUT1,0,0,,QD,1,10,IV,1,0,NA,8,0,28,1.4,2
1,1,93,93,8,3.5,1,207,0,NA,.,0,8,HOURS,OUTPUT1,0,0,,QD,1,10,1,0,0,NA,8,8,28,1.4,2
1,1,94,94,0,.,.,208,1,280000,1,0,12,HOURS,INPUT1,0,0,,QD,1,10,IV,1,0,NA,12,0,28,1.4,2
1,1,94,94,12,0.4,1,209,0,NA,.,0,12,HOURS,OUTPUT1,0,0,,QD,1,10,1,0,0,NA,12,12,28,1.4,2
1,1,95,95,0,.,.,210,1,280000,1,0,12,HOURS,INPUT1,0,0,,QD,1,10,IV,1,0,NA,12,0,28,1.4,2
1,1,95,95,12,0.6,1,211,0,NA,.,0,12,HOURS,OUTPUT1,0,0,,QD,1,10,1,0,0,NA,12,12,28,1.4,2
1,1,96,96,0,.,.,212,1,280000,1,0,12,HOURS,INPUT1,0,0,,QD,1,10,IV,1,0,NA,12,0,28,1.4,2
1,1,96,96,12,6.8,1,213,0,NA,.,0,12,HOURS,OUTPUT1,0,0,,QD,1,10,1,0,0,NA,12,12,28,1.4,2
1,1,97,97,0,.,.,214,1,280000,1,0,24,HOURS,INPUT1,0,0,,QD,1,10,IV,1,0,NA,24,0,28,1.4,2
1,1,97,97,24,0.4,1,215,0,NA,.,0,24,HOURS,OUTPUT1,0,0,,QD,1,10,1,0,0,NA,24,24,28,1.4,2
1,1,98,98,0,.,.,216,1,280000,1,0,24,HOURS,INPUT1,0,0,,QD,1,10,IV,1,0,NA,24,0,28,1.4,2
1,1,98,98,24,2.2,1,217,0,NA,.,0,24,HOURS,OUTPUT1,0,0,,QD,1,10,1,0,0,NA,24,24,28,1.4,2
1,1,99,99,0,.,.,218,1,280000,1,0,24,HOURS,INPUT1,0,0,,QD,1,10,IV,1,0,NA,24,0,28,1.4,2
1,1,99,99,24,0.9,1,219,0,NA,.,0,24,HOURS,OUTPUT1,0,0,,QD,1,10,1,0,0,NA,24,24,28,1.4,2
1,1,103,103,0,.,.,220,1,280000,1,0,0.25,HOURS,INPUT1,0,0,,QD,1,10,PO,1,0,NA,0.25,0,28,1.4,1
1,1,103,103,0,0,1,221,0,NA,.,0,0.25,HOURS,OUTPUT1,0,0,,QD,1,10,.,0,0,NA,0.25,0,28,1.4,2
1,1,103,103,0.25,17.2,1,222,0,NA,.,0,0.25,HOURS,OUTPUT1,0,0,,QD,1,10,.,0,0,NA,0.25,0.25,28,1.4,2
1,1,104,104,0,.,.,223,1,280000,1,0,0.25,HOURS,INPUT1,0,0,,QD,1,10,PO,1,0,NA,0.25,0,28,1.4,1
1,1,104,104,0,0,1,224,0,NA,.,0,0.25,HOURS,OUTPUT1,0,0,,QD,1,10,.,0,0,NA,0.25,0,28,1.4,2
1,1,104,104,0.25,12.8,1,225,0,NA,.,0,0.25,HOURS,OUTPUT1,0,0,,QD,1,10,.,0,0,NA,0.25,0.25,28,1.4,2
1,1,105,105,0,.,.,226,1,280000,1,0,0.25,HOURS,INPUT1,0,0,,QD,1,10,PO,1,0,NA,0.25,0,28,1.4,1
1,1,105,105,0,0,1,227,0,NA,.,0,0.25,HOURS,OUTPUT1,0,0,,QD,1,10,.,0,0,NA,0.25,0,28,1.4,2
1,1,105,105,0.25,42.3,1,228,0,NA,.,0,0.25,HOURS,OUTPUT1,0,0,,QD,1,10,.,0,0,NA,0.25,0.25,28,1.4,2
1,1,106,106,0,.,.,229,1,280000,1,0,0.5,HOURS,INPUT1,0,0,,QD,1,10,PO,1,0,NA,0.5,0,28,1.4,1
1,1,106,106,0,0,1,230,0,NA,.,0,0.5,HOURS,OUTPUT1,0,0,,QD,1,10,.,0,0,NA,0.5,0,28,1.4,2
1,1,106,106,0.5,8.7,1,231,0,NA,.,0,0.5,HOURS,OUTPUT1,0,0,,QD,1,10,.,0,0,NA,0.5,0.5,28,1.4,2
1,1,107,107,0,.,.,232,1,280000,1,0,0.5,HOURS,INPUT1,0,0,,QD,1,10,PO,1,0,NA,0.5,0,28,1.4,1
1,1,107,107,0,0,1,233,0,NA,.,0,0.5,HOURS,OUTPUT1,0,0,,QD,1,10,.,0,0,NA,0.5,0,28,1.4,2
1,1,107,107,0.5,13.4,1,234,0,NA,.,0,0.5,HOURS,OUTPUT1,0,0,,QD,1,10,.,0,0,NA,0.5,0.5,28,1.4,2
1,1,108,108,0,.,.,235,1,280000,1,0,0.5,HOURS,INPUT1,0,0,,QD,1,10,PO,1,0,NA,0.5,0,28,1.4,1
1,1,108,108,0,0,1,236,0,NA,.,0,0.5,HOURS,OUTPUT1,0,0,,QD,1,10,.,0,0,NA,0.5,0,28,1.4,2
1,1,108,108,0.5,12.6,1,237,0,NA,.,0,0.5,HOURS,OUTPUT1,0,0,,QD,1,10,.,0,0,NA,0.5,0.5,28,1.4,2
1,1,109,109,0,.,.,238,1,280000,1,0,1,HOURS,INPUT1,0,0,,QD,1,10,PO,1,0,NA,1,0,28,1.4,1
1,1,109,109,0,0,1,239,0,NA,.,0,1,HOURS,OUTPUT1,0,0,,QD,1,10,.,0,0,NA,1,0,28,1.4,2
1,1,109,109,1,8.3,1,240,0,NA,.,0,1,HOURS,OUTPUT1,0,0,,QD,1,10,.,0,0,NA,1,1,28,1.4,2
1,1,110,110,0,.,.,241,1,280000,1,0,1,HOURS,INPUT1,0,0,,QD,1,10,PO,1,0,NA,1,0,28,1.4,1
1,1,110,110,0,0,1,242,0,NA,.,0,1,HOURS,OUTPUT1,0,0,,QD,1,10,.,0,0,NA,1,0,28,1.4,2
1,1,110,110,1,5.6,1,243,0,NA,.,0,1,HOURS,OUTPUT1,0,0,,QD,1,10,.,0,0,NA,1,1,28,1.4,2
1,1,111,111,0,.,.,244,1,280000,1,0,1,HOURS,INPUT1,0,0,,QD,1,10,PO,1,0,NA,1,0,28,1.4,1
1,1,111,111,0,0,1,245,0,NA,.,0,1,HOURS,OUTPUT1,0,0,,QD,1,10,.,0,0,NA,1,0,28,1.4,2
1,1,111,111,1,8.9,1,246,0,NA,.,0,1,HOURS,OUTPUT1,0,0,,QD,1,10,.,0,0,NA,1,1,28,1.4,2
1,1,112,112,0,.,.,247,1,280000,1,0,2,HOURS,INPUT1,0,0,,QD,1,10,PO,1,0,NA,2,0,28,1.4,1
1,1,112,112,0,0,1,248,0,NA,.,0,2,HOURS,OUTPUT1,0,0,,QD,1,10,.,0,0,NA,2,0,28,1.4,2
1,1,112,112,2,25.7,1,249,0,NA,.,0,2,HOURS,OUTPUT1,0,0,,QD,1,10,.,0,0,NA,2,2,28,1.4,2
1,1,113,113,0,.,.,250,1,280000,1,0,2,HOURS,INPUT1,0,0,,QD,1,10,PO,1,0,NA,2,0,28,1.4,1
1,1,113,113,0,0,1,251,0,NA,.,0,2,HOURS,OUTPUT1,0,0,,QD,1,10,.,0,0,NA,2,0,28,1.4,2
1,1,113,113,2,0.4,1,252,0,NA,.,0,2,HOURS,OUTPUT1,0,0,,QD,1,10,.,0,0,NA,2,2,28,1.4,2
1,1,114,114,0,.,.,253,1,280000,1,0,2,HOURS,INPUT1,0,0,,QD,1,10,PO,1,0,NA,2,0,28,1.4,1
1,1,114,114,0,0,1,254,0,NA,.,0,2,HOURS,OUTPUT1,0,0,,QD,1,10,.,0,0,NA,2,0,28,1.4,2
1,1,114,114,2,24,1,255,0,NA,.,0,2,HOURS,OUTPUT1,0,0,,QD,1,10,.,0,0,NA,2,2,28,1.4,2
1,1,115,115,0,.,.,256,1,280000,1,0,4,HOURS,INPUT1,0,0,,QD,1,10,PO,1,0,NA,4,0,28,1.4,1
1,1,115,115,0,0,1,257,0,NA,.,0,4,HOURS,OUTPUT1,0,0,,QD,1,10,.,0,0,NA,4,0,28,1.4,2
1,1,115,115,4,1.7,1,258,0,NA,.,0,4,HOURS,OUTPUT1,0,0,,QD,1,10,.,0,0,NA,4,4,28,1.4,2
1,1,116,116,0,.,.,259,1,280000,1,0,4,HOURS,INPUT1,0,0,,QD,1,10,PO,1,0,NA,4,0,28,1.4,1
1,1,116,116,0,0,1,260,0,NA,.,0,4,HOURS,OUTPUT1,0,0,,QD,1,10,.,0,0,NA,4,0,28,1.4,2
1,1,116,116,4,0.9,1,261,0,NA,.,0,4,HOURS,OUTPUT1,0,0,,QD,1,10,.,0,0,NA,4,4,28,1.4,2
1,1,117,117,0,.,.,262,1,280000,1,0,4,HOURS,INPUT1,0,0,,QD,1,10,PO,1,0,NA,4,0,28,1.4,1
1,1,117,117,0,0,1,263,0,NA,.,0,4,HOURS,OUTPUT1,0,0,,QD,1,10,.,0,0,NA,4,0,28,1.4,2
1,1,117,117,4,0.3,1,264,0,NA,.,0,4,HOURS,OUTPUT1,0,0,,QD,1,10,.,0,0,NA,4,4,28,1.4,2
1,1,118,118,0,.,.,265,1,280000,1,0,6,HOURS,INPUT1,0,0,,QD,1,10,PO,1,0,NA,6,0,28,1.4,1
1,1,118,118,0,0,1,266,0,NA,.,0,6,HOURS,OUTPUT1,0,0,,QD,1,10,.,0,0,NA,6,0,28,1.4,2
1,1,118,118,6,0.9,1,267,0,NA,.,0,6,HOURS,OUTPUT1,0,0,,QD,1,10,.,0,0,NA,6,6,28,1.4,2
1,1,119,119,0,.,.,268,1,280000,1,0,6,HOURS,INPUT1,0,0,,QD,1,10,PO,1,0,NA,6,0,28,1.4,1
1,1,119,119,0,0,1,269,0,NA,.,0,6,HOURS,OUTPUT1,0,0,,QD,1,10,.,0,0,NA,6,0,28,1.4,2
1,1,119,119,6,3,1,270,0,NA,.,0,6,HOURS,OUTPUT1,0,0,,QD,1,10,.,0,0,NA,6,6,28,1.4,2
1,1,120,120,0,.,.,271,1,280000,1,0,6,HOURS,INPUT1,0,0,,QD,1,10,PO,1,0,NA,6,0,28,1.4,1
1,1,120,120,0,0,1,272,0,NA,.,0,6,HOURS,OUTPUT1,0,0,,QD,1,10,.,0,0,NA,6,0,28,1.4,2
1,1,120,120,6,3.8,1,273,0,NA,.,0,6,HOURS,OUTPUT1,0,0,,QD,1,10,.,0,0,NA,6,6,28,1.4,2
1,1,121,121,0,.,.,274,1,280000,1,0,8,HOURS,INPUT1,0,0,,QD,1,10,PO,1,0,NA,8,0,28,1.4,1
1,1,121,121,0,0,1,275,0,NA,.,0,8,HOURS,OUTPUT1,0,0,,QD,1,10,.,0,0,NA,8,0,28,1.4,2
1,1,121,121,8,0.8,1,276,0,NA,.,0,8,HOURS,OUTPUT1,0,0,,QD,1,10,.,0,0,NA,8,8,28,1.4,2
1,1,122,122,0,.,.,277,1,280000,1,0,8,HOURS,INPUT1,0,0,,QD,1,10,PO,1,0,NA,8,0,28,1.4,1
1,1,122,122,0,0,1,278,0,NA,.,0,8,HOURS,OUTPUT1,0,0,,QD,1,10,.,0,0,NA,8,0,28,1.4,2
1,1,122,122,8,1.2,1,279,0,NA,.,0,8,HOURS,OUTPUT1,0,0,,QD,1,10,.,0,0,NA,8,8,28,1.4,2
1,1,123,123,0,.,.,280,1,280000,1,0,8,HOURS,INPUT1,0,0,,QD,1,10,PO,1,0,NA,8,0,28,1.4,1
1,1,123,123,0,0,1,281,0,NA,.,0,8,HOURS,OUTPUT1,0,0,,QD,1,10,.,0,0,NA,8,0,28,1.4,2
1,1,123,123,8,0.9,1,282,0,NA,.,0,8,HOURS,OUTPUT1,0,0,,QD,1,10,.,0,0,NA,8,8,28,1.4,2
1,1,124,124,0,.,.,283,1,280000,1,0,12,HOURS,INPUT1,0,0,,QD,1,10,PO,1,0,NA,12,0,28,1.4,1
1,1,124,124,0,0,1,284,0,NA,.,0,12,HOURS,OUTPUT1,0,0,,QD,1,10,.,0,0,NA,12,0,28,1.4,2
1,1,124,124,12,2.8,1,285,0,NA,.,0,12,HOURS,OUTPUT1,0,0,,QD,1,10,.,0,0,NA,12,12,28,1.4,2
1,1,125,125,0,.,.,286,1,280000,1,0,12,HOURS,INPUT1,0,0,,QD,1,10,PO,1,0,NA,12,0,28,1.4,1
1,1,125,125,0,0,1,287,0,NA,.,0,12,HOURS,OUTPUT1,0,0,,QD,1,10,.,0,0,NA,12,0,28,1.4,2
1,1,125,125,12,56.2,1,288,0,NA,.,0,12,HOURS,OUTPUT1,0,0,,QD,1,10,.,0,0,NA,12,12,28,1.4,2
1,1,126,126,0,.,.,289,1,280000,1,0,12,HOURS,INPUT1,0,0,,QD,1,10,PO,1,0,NA,12,0,28,1.4,1
1,1,126,126,0,0,1,290,0,NA,.,0,12,HOURS,OUTPUT1,0,0,,QD,1,10,.,0,0,NA,12,0,28,1.4,2
1,1,126,126,12,0.8,1,291,0,NA,.,0,12,HOURS,OUTPUT1,0,0,,QD,1,10,.,0,0,NA,12,12,28,1.4,2
1,1,127,127,0,.,.,292,1,280000,1,0,24,HOURS,INPUT1,0,0,,QD,1,10,PO,1,0,NA,24,0,28,1.4,1
1,1,127,127,0,0,1,293,0,NA,.,0,24,HOURS,OUTPUT1,0,0,,QD,1,10,.,0,0,NA,24,0,28,1.4,2
1,1,127,127,24,3.9,1,294,0,NA,.,0,24,HOURS,OUTPUT1,0,0,,QD,1,10,.,0,0,NA,24,24,28,1.4,2
1,1,128,128,0,.,.,295,1,280000,1,0,24,HOURS,INPUT1,0,0,,QD,1,10,PO,1,0,NA,24,0,28,1.4,1
1,1,128,128,0,0,1,296,0,NA,.,0,24,HOURS,OUTPUT1,0,0,,QD,1,10,.,0,0,NA,24,0,28,1.4,2
1,1,128,128,24,0.4,1,297,0,NA,.,0,24,HOURS,OUTPUT1,0,0,,QD,1,10,.,0,0,NA,24,24,28,1.4,2
1,1,129,129,0,.,.,298,1,280000,1,0,24,HOURS,INPUT1,0,0,,QD,1,10,PO,1,0,NA,24,0,28,1.4,1
1,1,129,129,0,0,1,299,0,NA,.,0,24,HOURS,OUTPUT1,0,0,,QD,1,10,.,0,0,NA,24,0,28,1.4,2
1,1,129,129,24,1.4,1,300,0,NA,.,0,24,HOURS,OUTPUT1,0,0,,QD,1,10,.,0,0,NA,24,24,28,1.4,2
1,1,133,133,0,.,.,301,1,7.00E+05,1,0,0.25,HOURS,INPUT1,0,0,,QD,1,25,PO,1,0,NA,0.25,0,28,1.4,1
1,1,133,133,0,0,1,302,0,NA,.,0,0.25,HOURS,OUTPUT1,0,0,,QD,1,25,.,0,0,NA,0.25,0,28,1.4,2
1,1,133,133,0.25,79.8,1,303,0,NA,.,0,0.25,HOURS,OUTPUT1,0,0,,QD,1,25,.,0,0,NA,0.25,0.25,28,1.4,2
1,1,134,134,0,.,.,304,1,7.00E+05,1,0,0.25,HOURS,INPUT1,0,0,,QD,1,25,PO,1,0,NA,0.25,0,28,1.4,1
1,1,134,134,0,0,1,305,0,NA,.,0,0.25,HOURS,OUTPUT1,0,0,,QD,1,25,.,0,0,NA,0.25,0,28,1.4,2
1,1,134,134,0.25,68.5,1,306,0,NA,.,0,0.25,HOURS,OUTPUT1,0,0,,QD,1,25,.,0,0,NA,0.25,0.25,28,1.4,2
1,1,135,135,0,.,.,307,1,7.00E+05,1,0,0.25,HOURS,INPUT1,0,0,,QD,1,25,PO,1,0,NA,0.25,0,28,1.4,1
1,1,135,135,0,0,1,308,0,NA,.,0,0.25,HOURS,OUTPUT1,0,0,,QD,1,25,.,0,0,NA,0.25,0,28,1.4,2
1,1,135,135,0.25,68.2,1,309,0,NA,.,0,0.25,HOURS,OUTPUT1,0,0,,QD,1,25,.,0,0,NA,0.25,0.25,28,1.4,2
1,1,136,136,0,.,.,310,1,7.00E+05,1,0,0.5,HOURS,INPUT1,0,0,,QD,1,25,PO,1,0,NA,0.5,0,28,1.4,1
1,1,136,136,0,0,1,311,0,NA,.,0,0.5,HOURS,OUTPUT1,0,0,,QD,1,25,.,0,0,NA,0.5,0,28,1.4,2
1,1,136,136,0.5,51,1,312,0,NA,.,0,0.5,HOURS,OUTPUT1,0,0,,QD,1,25,.,0,0,NA,0.5,0.5,28,1.4,2
1,1,137,137,0,.,.,313,1,7.00E+05,1,0,0.5,HOURS,INPUT1,0,0,,QD,1,25,PO,1,0,NA,0.5,0,28,1.4,1
1,1,137,137,0,0,1,314,0,NA,.,0,0.5,HOURS,OUTPUT1,0,0,,QD,1,25,.,0,0,NA,0.5,0,28,1.4,2
1,1,137,137,0.5,33.7,1,315,0,NA,.,0,0.5,HOURS,OUTPUT1,0,0,,QD,1,25,.,0,0,NA,0.5,0.5,28,1.4,2
1,1,138,138,0,.,.,316,1,7.00E+05,1,0,0.5,HOURS,INPUT1,0,0,,QD,1,25,PO,1,0,NA,0.5,0,28,1.4,1
1,1,138,138,0,0,1,317,0,NA,.,0,0.5,HOURS,OUTPUT1,0,0,,QD,1,25,.,0,0,NA,0.5,0,28,1.4,2
1,1,138,138,0.5,4.6,1,318,0,NA,.,0,0.5,HOURS,OUTPUT1,0,0,,QD,1,25,.,0,0,NA,0.5,0.5,28,1.4,2
1,1,139,139,0,.,.,319,1,7.00E+05,1,0,1,HOURS,INPUT1,0,0,,QD,1,25,PO,1,0,NA,1,0,28,1.4,1
1,1,139,139,0,0,1,320,0,NA,.,0,1,HOURS,OUTPUT1,0,0,,QD,1,25,.,0,0,NA,1,0,28,1.4,2
1,1,139,139,1,114.8,1,321,0,NA,.,0,1,HOURS,OUTPUT1,0,0,,QD,1,25,.,0,0,NA,1,1,28,1.4,2
1,1,140,140,0,.,.,322,1,7.00E+05,1,0,1,HOURS,INPUT1,0,0,,QD,1,25,PO,1,0,NA,1,0,28,1.4,1
1,1,140,140,0,0,1,323,0,NA,.,0,1,HOURS,OUTPUT1,0,0,,QD,1,25,.,0,0,NA,1,0,28,1.4,2
1,1,140,140,1,17.8,1,324,0,NA,.,0,1,HOURS,OUTPUT1,0,0,,QD,1,25,.,0,0,NA,1,1,28,1.4,2
1,1,141,141,0,.,.,325,1,7.00E+05,1,0,1,HOURS,INPUT1,0,0,,QD,1,25,PO,1,0,NA,1,0,28,1.4,1
1,1,141,141,0,0,1,326,0,NA,.,0,1,HOURS,OUTPUT1,0,0,,QD,1,25,.,0,0,NA,1,0,28,1.4,2
1,1,141,141,1,32.7,1,327,0,NA,.,0,1,HOURS,OUTPUT1,0,0,,QD,1,25,.,0,0,NA,1,1,28,1.4,2
1,1,142,142,0,.,.,328,1,7.00E+05,1,0,2,HOURS,INPUT1,0,0,,QD,1,25,PO,1,0,NA,2,0,28,1.4,1
1,1,142,142,0,0,1,329,0,NA,.,0,2,HOURS,OUTPUT1,0,0,,QD,1,25,.,0,0,NA,2,0,28,1.4,2
1,1,142,142,2,3.6,1,330,0,NA,.,0,2,HOURS,OUTPUT1,0,0,,QD,1,25,.,0,0,NA,2,2,28,1.4,2
1,1,143,143,0,.,.,331,1,7.00E+05,1,0,2,HOURS,INPUT1,0,0,,QD,1,25,PO,1,0,NA,2,0,28,1.4,1
1,1,143,143,0,0,1,332,0,NA,.,0,2,HOURS,OUTPUT1,0,0,,QD,1,25,.,0,0,NA,2,0,28,1.4,2
1,1,143,143,2,72.6,1,333,0,NA,.,0,2,HOURS,OUTPUT1,0,0,,QD,1,25,.,0,0,NA,2,2,28,1.4,2
1,1,144,144,0,.,.,334,1,7.00E+05,1,0,2,HOURS,INPUT1,0,0,,QD,1,25,PO,1,0,NA,2,0,28,1.4,1
1,1,144,144,0,0,1,335,0,NA,.,0,2,HOURS,OUTPUT1,0,0,,QD,1,25,.,0,0,NA,2,0,28,1.4,2
1,1,144,144,2,2.2,1,336,0,NA,.,0,2,HOURS,OUTPUT1,0,0,,QD,1,25,.,0,0,NA,2,2,28,1.4,2
1,1,145,145,0,.,.,337,1,7.00E+05,1,0,4,HOURS,INPUT1,0,0,,QD,1,25,PO,1,0,NA,4,0,28,1.4,1
1,1,145,145,0,0,1,338,0,NA,.,0,4,HOURS,OUTPUT1,0,0,,QD,1,25,.,0,0,NA,4,0,28,1.4,2
1,1,145,145,4,2.5,1,339,0,NA,.,0,4,HOURS,OUTPUT1,0,0,,QD,1,25,.,0,0,NA,4,4,28,1.4,2
1,1,146,146,0,.,.,340,1,7.00E+05,1,0,4,HOURS,INPUT1,0,0,,QD,1,25,PO,1,0,NA,4,0,28,1.4,1
1,1,146,146,0,0,1,341,0,NA,.,0,4,HOURS,OUTPUT1,0,0,,QD,1,25,.,0,0,NA,4,0,28,1.4,2
1,1,146,146,4,14.4,1,342,0,NA,.,0,4,HOURS,OUTPUT1,0,0,,QD,1,25,.,0,0,NA,4,4,28,1.4,2
1,1,147,147,0,.,.,343,1,7.00E+05,1,0,4,HOURS,INPUT1,0,0,,QD,1,25,PO,1,0,NA,4,0,28,1.4,1
1,1,147,147,0,0,1,344,0,NA,.,0,4,HOURS,OUTPUT1,0,0,,QD,1,25,.,0,0,NA,4,0,28,1.4,2
1,1,147,147,4,2.3,1,345,0,NA,.,0,4,HOURS,OUTPUT1,0,0,,QD,1,25,.,0,0,NA,4,4,28,1.4,2
1,1,148,148,0,.,.,346,1,7.00E+05,1,0,6,HOURS,INPUT1,0,0,,QD,1,25,PO,1,0,NA,6,0,28,1.4,1
1,1,148,148,0,0,1,347,0,NA,.,0,6,HOURS,OUTPUT1,0,0,,QD,1,25,.,0,0,NA,6,0,28,1.4,2
1,1,148,148,6,1.1,1,348,0,NA,.,0,6,HOURS,OUTPUT1,0,0,,QD,1,25,.,0,0,NA,6,6,28,1.4,2
1,1,149,149,0,.,.,349,1,7.00E+05,1,0,6,HOURS,INPUT1,0,0,,QD,1,25,PO,1,0,NA,6,0,28,1.4,1
1,1,149,149,0,0,1,350,0,NA,.,0,6,HOURS,OUTPUT1,0,0,,QD,1,25,.,0,0,NA,6,0,28,1.4,2
1,1,149,149,6,4.8,1,351,0,NA,.,0,6,HOURS,OUTPUT1,0,0,,QD,1,25,.,0,0,NA,6,6,28,1.4,2
1,1,150,150,0,.,.,352,1,7.00E+05,1,0,6,HOURS,INPUT1,0,0,,QD,1,25,PO,1,0,NA,6,0,28,1.4,1
1,1,150,150,0,0,1,353,0,NA,.,0,6,HOURS,OUTPUT1,0,0,,QD,1,25,.,0,0,NA,6,0,28,1.4,2
1,1,150,150,6,5.9,1,354,0,NA,.,0,6,HOURS,OUTPUT1,0,0,,QD,1,25,.,0,0,NA,6,6,28,1.4,2
1,1,151,151,0,.,.,355,1,7.00E+05,1,0,8,HOURS,INPUT1,0,0,,QD,1,25,PO,1,0,NA,8,0,28,1.4,1
1,1,151,151,0,0,1,356,0,NA,.,0,8,HOURS,OUTPUT1,0,0,,QD,1,25,.,0,0,NA,8,0,28,1.4,2
1,1,151,151,8,0.7,1,357,0,NA,.,0,8,HOURS,OUTPUT1,0,0,,QD,1,25,.,0,0,NA,8,8,28,1.4,2
1,1,152,152,0,.,.,358,1,7.00E+05,1,0,8,HOURS,INPUT1,0,0,,QD,1,25,PO,1,0,NA,8,0,28,1.4,1
1,1,152,152,0,0,1,359,0,NA,.,0,8,HOURS,OUTPUT1,0,0,,QD,1,25,.,0,0,NA,8,0,28,1.4,2
1,1,152,152,8,0.7,1,360,0,NA,.,0,8,HOURS,OUTPUT1,0,0,,QD,1,25,.,0,0,NA,8,8,28,1.4,2
1,1,153,153,0,.,.,361,1,7.00E+05,1,0,8,HOURS,INPUT1,0,0,,QD,1,25,PO,1,0,NA,8,0,28,1.4,1
1,1,153,153,0,0,1,362,0,NA,.,0,8,HOURS,OUTPUT1,0,0,,QD,1,25,.,0,0,NA,8,0,28,1.4,2
1,1,153,153,8,1.3,1,363,0,NA,.,0,8,HOURS,OUTPUT1,0,0,,QD,1,25,.,0,0,NA,8,8,28,1.4,2
1,1,154,154,0,.,.,364,1,7.00E+05,1,0,12,HOURS,INPUT1,0,0,,QD,1,25,PO,1,0,NA,12,0,28,1.4,1
1,1,154,154,0,0,1,365,0,NA,.,0,12,HOURS,OUTPUT1,0,0,,QD,1,25,.,0,0,NA,12,0,28,1.4,2
1,1,154,154,12,0.3,1,366,0,NA,.,0,12,HOURS,OUTPUT1,0,0,,QD,1,25,.,0,0,NA,12,12,28,1.4,2
1,1,155,155,0,.,.,367,1,7.00E+05,1,0,12,HOURS,INPUT1,0,0,,QD,1,25,PO,1,0,NA,12,0,28,1.4,1
1,1,155,155,0,0,1,368,0,NA,.,0,12,HOURS,OUTPUT1,0,0,,QD,1,25,.,0,0,NA,12,0,28,1.4,2
1,1,155,155,12,9.9,1,369,0,NA,.,0,12,HOURS,OUTPUT1,0,0,,QD,1,25,.,0,0,NA,12,12,28,1.4,2
1,1,156,156,0,.,.,370,1,7.00E+05,1,0,12,HOURS,INPUT1,0,0,,QD,1,25,PO,1,0,NA,12,0,28,1.4,1
1,1,156,156,0,0,1,371,0,NA,.,0,12,HOURS,OUTPUT1,0,0,,QD,1,25,.,0,0,NA,12,0,28,1.4,2
1,1,156,156,12,201.9,1,372,0,NA,.,0,12,HOURS,OUTPUT1,0,0,,QD,1,25,.,0,0,NA,12,12,28,1.4,2
1,1,157,157,0,.,.,373,1,7.00E+05,1,0,24,HOURS,INPUT1,0,0,,QD,1,25,PO,1,0,NA,24,0,28,1.4,1
1,1,157,157,0,0,1,374,0,NA,.,0,24,HOURS,OUTPUT1,0,0,,QD,1,25,.,0,0,NA,24,0,28,1.4,2
1,1,157,157,24,1.5,1,375,0,NA,.,0,24,HOURS,OUTPUT1,0,0,,QD,1,25,.,0,0,NA,24,24,28,1.4,2
1,1,158,158,0,.,.,376,1,7.00E+05,1,0,24,HOURS,INPUT1,0,0,,QD,1,25,PO,1,0,NA,24,0,28,1.4,1
1,1,158,158,0,0,1,377,0,NA,.,0,24,HOURS,OUTPUT1,0,0,,QD,1,25,.,0,0,NA,24,0,28,1.4,2
1,1,158,158,24,0.8,1,378,0,NA,.,0,24,HOURS,OUTPUT1,0,0,,QD,1,25,.,0,0,NA,24,24,28,1.4,2
1,1,159,159,0,.,.,379,1,7.00E+05,1,0,24,HOURS,INPUT1,0,0,,QD,1,25,PO,1,0,NA,24,0,28,1.4,1
1,1,159,159,0,0,1,380,0,NA,.,0,24,HOURS,OUTPUT1,0,0,,QD,1,25,.,0,0,NA,24,0,28,1.4,2
1,1,159,159,24,1.7,1,381,0,NA,.,0,24,HOURS,OUTPUT1,0,0,,QD,1,25,.,0,0,NA,24,24,28,1.4,2
1,1,160,160,0,.,.,382,1,1400000,1,0,0.25,HOURS,INPUT1,0,0,,QD,1,50,PO,1,0,NA,0.25,0,28,1.4,1
1,1,160,160,0,0,1,383,0,NA,.,0,0.25,HOURS,OUTPUT1,0,0,,QD,1,50,.,0,0,NA,0.25,0,28,1.4,2
1,1,160,160,0.25,56.8,1,384,0,NA,.,0,0.25,HOURS,OUTPUT1,0,0,,QD,1,50,.,0,0,NA,0.25,0.25,28,1.4,2
1,1,161,161,0,.,.,385,1,1400000,1,0,0.5,HOURS,INPUT1,0,0,,QD,1,50,PO,1,0,NA,0.5,0,28,1.4,1
1,1,161,161,0,0,1,386,0,NA,.,0,0.5,HOURS,OUTPUT1,0,0,,QD,1,50,.,0,0,NA,0.5,0,28,1.4,2
1,1,161,161,0.5,30.3,1,387,0,NA,.,0,0.5,HOURS,OUTPUT1,0,0,,QD,1,50,.,0,0,NA,0.5,0.5,28,1.4,2
1,1,162,162,0,.,.,388,1,1400000,1,0,1,HOURS,INPUT1,0,0,,QD,1,50,PO,1,0,NA,1,0,28,1.4,1
1,1,162,162,0,0,1,389,0,NA,.,0,1,HOURS,OUTPUT1,0,0,,QD,1,50,.,0,0,NA,1,0,28,1.4,2
1,1,162,162,1,30.9,1,390,0,NA,.,0,1,HOURS,OUTPUT1,0,0,,QD,1,50,.,0,0,NA,1,1,28,1.4,2
1,1,163,163,0,.,.,391,1,1400000,1,0,2,HOURS,INPUT1,0,0,,QD,1,50,PO,1,0,NA,2,0,28,1.4,1
1,1,163,163,0,0,1,392,0,NA,.,0,2,HOURS,OUTPUT1,0,0,,QD,1,50,.,0,0,NA,2,0,28,1.4,2
1,1,163,163,2,15.8,1,393,0,NA,.,0,2,HOURS,OUTPUT1,0,0,,QD,1,50,.,0,0,NA,2,2,28,1.4,2
1,1,164,164,0,.,.,394,1,1400000,1,0,4,HOURS,INPUT1,0,0,,QD,1,50,PO,1,0,NA,4,0,28,1.4,1
1,1,164,164,0,0,1,395,0,NA,.,0,4,HOURS,OUTPUT1,0,0,,QD,1,50,.,0,0,NA,4,0,28,1.4,2
1,1,164,164,4,398,1,396,0,NA,.,0,4,HOURS,OUTPUT1,0,0,,QD,1,50,.,0,0,NA,4,4,28,1.4,2
1,1,165,165,0,.,.,397,1,1400000,1,0,6,HOURS,INPUT1,0,0,,QD,1,50,PO,1,0,NA,6,0,28,1.4,1
1,1,165,165,0,0,1,398,0,NA,.,0,6,HOURS,OUTPUT1,0,0,,QD,1,50,.,0,0,NA,6,0,28,1.4,2
1,1,165,165,6,29.6,1,399,0,NA,.,0,6,HOURS,OUTPUT1,0,0,,QD,1,50,.,0,0,NA,6,6,28,1.4,2
1,1,166,166,0,.,.,400,1,1400000,1,0,8,HOURS,INPUT1,0,0,,QD,1,50,PO,1,0,NA,8,0,28,1.4,1
1,1,166,166,0,0,1,401,0,NA,.,0,8,HOURS,OUTPUT1,0,0,,QD,1,50,.,0,0,NA,8,0,28,1.4,2
1,1,166,166,8,14.6,1,402,0,NA,.,0,8,HOURS,OUTPUT1,0,0,,QD,1,50,.,0,0,NA,8,8,28,1.4,2
1,1,167,167,0,.,.,403,1,1400000,1,0,10,HOURS,INPUT1,0,0,,QD,1,50,PO,1,0,NA,10,0,28,1.4,1
1,1,167,167,0,0,1,404,0,NA,.,0,10,HOURS,OUTPUT1,0,0,,QD,1,50,.,0,0,NA,10,0,28,1.4,2
1,1,167,167,10,13.9,1,405,0,NA,.,0,10,HOURS,OUTPUT1,0,0,,QD,1,50,.,0,0,NA,10,10,28,1.4,2
1,1,168,168,0,.,.,406,1,1400000,1,0,12,HOURS,INPUT1,0,0,,QD,1,50,PO,1,0,NA,12,0,28,1.4,1
1,1,168,168,0,0,1,407,0,NA,.,0,12,HOURS,OUTPUT1,0,0,,QD,1,50,.,0,0,NA,12,0,28,1.4,2
1,1,168,168,12,1.1,1,408,0,NA,.,0,12,HOURS,OUTPUT1,0,0,,QD,1,50,.,0,0,NA,12,12,28,1.4,2
1,1,169,169,0,.,.,409,1,1400000,1,0,14,HOURS,INPUT1,0,0,,QD,1,50,PO,1,0,NA,14,0,28,1.4,1
1,1,169,169,0,0,1,410,0,NA,.,0,14,HOURS,OUTPUT1,0,0,,QD,1,50,.,0,0,NA,14,0,28,1.4,2
1,1,169,169,14,8.9,1,411,0,NA,.,0,14,HOURS,OUTPUT1,0,0,,QD,1,50,.,0,0,NA,14,14,28,1.4,2
1,1,170,170,0,.,.,412,1,1400000,1,0,16,HOURS,INPUT1,0,0,,QD,1,50,PO,1,0,NA,16,0,28,1.4,1
1,1,170,170,0,0,1,413,0,NA,.,0,16,HOURS,OUTPUT1,0,0,,QD,1,50,.,0,0,NA,16,0,28,1.4,2
1,1,170,170,16,3.2,1,414,0,NA,.,0,16,HOURS,OUTPUT1,0,0,,QD,1,50,.,0,0,NA,16,16,28,1.4,2
1,1,171,171,0,.,.,415,1,1400000,1,0,20,HOURS,INPUT1,0,0,,QD,1,50,PO,1,0,NA,20,0,28,1.4,1
1,1,171,171,0,0,1,416,0,NA,.,0,20,HOURS,OUTPUT1,0,0,,QD,1,50,.,0,0,NA,20,0,28,1.4,2
1,1,171,171,20,0.6,1,417,0,NA,.,0,20,HOURS,OUTPUT1,0,0,,QD,1,50,.,0,0,NA,20,20,28,1.4,2
1,1,172,172,0,.,.,418,1,1400000,1,0,24,HOURS,INPUT1,0,0,,QD,1,50,PO,1,0,NA,24,0,28,1.4,1
1,1,172,172,0,0,1,419,0,NA,.,0,24,HOURS,OUTPUT1,0,0,,QD,1,50,.,0,0,NA,24,0,28,1.4,2
1,1,172,172,24,5.2,1,420,0,NA,.,0,24,HOURS,OUTPUT1,0,0,,QD,1,50,.,0,0,NA,24,24,28,1.4,2
1,1,173,173,0,.,.,421,1,1400000,1,0,28,HOURS,INPUT1,0,0,,QD,1,50,PO,1,0,NA,28,0,28,1.4,1
1,1,173,173,0,0,1,422,0,NA,.,0,28,HOURS,OUTPUT1,0,0,,QD,1,50,.,0,0,NA,28,0,28,1.4,2
1,1,173,173,28,2.6,1,423,0,NA,.,0,28,HOURS,OUTPUT1,0,0,,QD,1,50,.,0,0,NA,28,28,28,1.4,2
1,1,174,174,0,.,.,424,1,1400000,1,0,0.25,HOURS,INPUT1,0,0,,QD,1,50,PO,1,0,NA,0.25,0,28,1.4,1
1,1,174,174,0,0,1,425,0,NA,.,0,0.25,HOURS,OUTPUT1,0,0,,QD,1,50,.,0,0,NA,0.25,0,28,1.4,2
1,1,174,174,0.25,42.4,1,426,0,NA,.,0,0.25,HOURS,OUTPUT1,0,0,,QD,1,50,.,0,0,NA,0.25,0.25,28,1.4,2
1,1,175,175,0,.,.,427,1,1400000,1,0,0.5,HOURS,INPUT1,0,0,,QD,1,50,PO,1,0,NA,0.5,0,28,1.4,1
1,1,175,175,0,0,1,428,0,NA,.,0,0.5,HOURS,OUTPUT1,0,0,,QD,1,50,.,0,0,NA,0.5,0,28,1.4,2
1,1,175,175,0.5,252.4,1,429,0,NA,.,0,0.5,HOURS,OUTPUT1,0,0,,QD,1,50,.,0,0,NA,0.5,0.5,28,1.4,2
1,1,176,176,0,.,.,430,1,1400000,1,0,1,HOURS,INPUT1,0,0,,QD,1,50,PO,1,0,NA,1,0,28,1.4,1
1,1,176,176,0,0,1,431,0,NA,.,0,1,HOURS,OUTPUT1,0,0,,QD,1,50,.,0,0,NA,1,0,28,1.4,2
1,1,176,176,1,166.7,1,432,0,NA,.,0,1,HOURS,OUTPUT1,0,0,,QD,1,50,.,0,0,NA,1,1,28,1.4,2
1,1,177,177,0,.,.,433,1,1400000,1,0,2,HOURS,INPUT1,0,0,,QD,1,50,PO,1,0,NA,2,0,28,1.4,1
1,1,177,177,0,0,1,434,0,NA,.,0,2,HOURS,OUTPUT1,0,0,,QD,1,50,.,0,0,NA,2,0,28,1.4,2
1,1,177,177,2,170.9,1,435,0,NA,.,0,2,HOURS,OUTPUT1,0,0,,QD,1,50,.,0,0,NA,2,2,28,1.4,2
1,1,178,178,0,.,.,436,1,1400000,1,0,4,HOURS,INPUT1,0,0,,QD,1,50,PO,1,0,NA,4,0,28,1.4,1
1,1,178,178,0,0,1,437,0,NA,.,0,4,HOURS,OUTPUT1,0,0,,QD,1,50,.,0,0,NA,4,0,28,1.4,2
1,1,178,178,4,324.6,1,438,0,NA,.,0,4,HOURS,OUTPUT1,0,0,,QD,1,50,.,0,0,NA,4,4,28,1.4,2
1,1,179,179,0,.,.,439,1,1400000,1,0,6,HOURS,INPUT1,0,0,,QD,1,50,PO,1,0,NA,6,0,28,1.4,1
1,1,179,179,0,0,1,440,0,NA,.,0,6,HOURS,OUTPUT1,0,0,,QD,1,50,.,0,0,NA,6,0,28,1.4,2
1,1,179,179,6,18.4,1,441,0,NA,.,0,6,HOURS,OUTPUT1,0,0,,QD,1,50,.,0,0,NA,6,6,28,1.4,2
1,1,180,180,0,.,.,442,1,1400000,1,0,8,HOURS,INPUT1,0,0,,QD,1,50,PO,1,0,NA,8,0,28,1.4,1
1,1,180,180,0,0,1,443,0,NA,.,0,8,HOURS,OUTPUT1,0,0,,QD,1,50,.,0,0,NA,8,0,28,1.4,2
1,1,180,180,8,1.3,1,444,0,NA,.,0,8,HOURS,OUTPUT1,0,0,,QD,1,50,.,0,0,NA,8,8,28,1.4,2
1,1,181,181,0,.,.,445,1,1400000,1,0,10,HOURS,INPUT1,0,0,,QD,1,50,PO,1,0,NA,10,0,28,1.4,1
1,1,181,181,0,0,1,446,0,NA,.,0,10,HOURS,OUTPUT1,0,0,,QD,1,50,.,0,0,NA,10,0,28,1.4,2
1,1,181,181,10,3.2,1,447,0,NA,.,0,10,HOURS,OUTPUT1,0,0,,QD,1,50,.,0,0,NA,10,10,28,1.4,2
1,1,182,182,0,.,.,448,1,1400000,1,0,12,HOURS,INPUT1,0,0,,QD,1,50,PO,1,0,NA,12,0,28,1.4,1
1,1,182,182,0,0,1,449,0,NA,.,0,12,HOURS,OUTPUT1,0,0,,QD,1,50,.,0,0,NA,12,0,28,1.4,2
1,1,182,182,12,0.7,1,450,0,NA,.,0,12,HOURS,OUTPUT1,0,0,,QD,1,50,.,0,0,NA,12,12,28,1.4,2
1,1,183,183,0,.,.,451,1,1400000,1,0,14,HOURS,INPUT1,0,0,,QD,1,50,PO,1,0,NA,14,0,28,1.4,1
1,1,183,183,0,0,1,452,0,NA,.,0,14,HOURS,OUTPUT1,0,0,,QD,1,50,.,0,0,NA,14,0,28,1.4,2
1,1,183,183,14,1.7,1,453,0,NA,.,0,14,HOURS,OUTPUT1,0,0,,QD,1,50,.,0,0,NA,14,14,28,1.4,2
1,1,184,184,0,.,.,454,1,1400000,1,0,16,HOURS,INPUT1,0,0,,QD,1,50,PO,1,0,NA,16,0,28,1.4,1
1,1,184,184,0,0,1,455,0,NA,.,0,16,HOURS,OUTPUT1,0,0,,QD,1,50,.,0,0,NA,16,0,28,1.4,2
1,1,184,184,16,1.7,1,456,0,NA,.,0,16,HOURS,OUTPUT1,0,0,,QD,1,50,.,0,0,NA,16,16,28,1.4,2
1,1,185,185,0,.,.,457,1,1400000,1,0,20,HOURS,INPUT1,0,0,,QD,1,50,PO,1,0,NA,20,0,28,1.4,1
1,1,185,185,0,0,1,458,0,NA,.,0,20,HOURS,OUTPUT1,0,0,,QD,1,50,.,0,0,NA,20,0,28,1.4,2
1,1,185,185,20,0.4,1,459,0,NA,.,0,20,HOURS,OUTPUT1,0,0,,QD,1,50,.,0,0,NA,20,20,28,1.4,2
1,1,186,186,0,.,.,460,1,1400000,1,0,24,HOURS,INPUT1,0,0,,QD,1,50,PO,1,0,NA,24,0,28,1.4,1
1,1,186,186,0,0,1,461,0,NA,.,0,24,HOURS,OUTPUT1,0,0,,QD,1,50,.,0,0,NA,24,0,28,1.4,2
1,1,186,186,24,1.6,1,462,0,NA,.,0,24,HOURS,OUTPUT1,0,0,,QD,1,50,.,0,0,NA,24,24,28,1.4,2
1,1,187,187,0,.,.,463,1,1400000,1,0,28,HOURS,INPUT1,0,0,,QD,1,50,PO,1,0,NA,28,0,28,1.4,1
1,1,187,187,0,0,1,464,0,NA,.,0,28,HOURS,OUTPUT1,0,0,,QD,1,50,.,0,0,NA,28,0,28,1.4,2
1,1,187,187,28,1.1,1,465,0,NA,.,0,28,HOURS,OUTPUT1,0,0,,QD,1,50,.,0,0,NA,28,28,28,1.4,2
1,1,188,188,0,.,.,466,1,1400000,1,0,0.25,HOURS,INPUT1,0,0,,QD,1,50,PO,1,0,NA,0.25,0,28,1.4,1
1,1,188,188,0,0,1,467,0,NA,.,0,0.25,HOURS,OUTPUT1,0,0,,QD,1,50,.,0,0,NA,0.25,0,28,1.4,2
1,1,188,188,0.25,51.2,1,468,0,NA,.,0,0.25,HOURS,OUTPUT1,0,0,,QD,1,50,.,0,0,NA,0.25,0.25,28,1.4,2
1,1,189,189,0,.,.,469,1,1400000,1,0,0.5,HOURS,INPUT1,0,0,,QD,1,50,PO,1,0,NA,0.5,0,28,1.4,1
1,1,189,189,0,0,1,470,0,NA,.,0,0.5,HOURS,OUTPUT1,0,0,,QD,1,50,.,0,0,NA,0.5,0,28,1.4,2
1,1,189,189,0.5,53.3,1,471,0,NA,.,0,0.5,HOURS,OUTPUT1,0,0,,QD,1,50,.,0,0,NA,0.5,0.5,28,1.4,2
1,1,190,190,0,.,.,472,1,1400000,1,0,1,HOURS,INPUT1,0,0,,QD,1,50,PO,1,0,NA,1,0,28,1.4,1
1,1,190,190,0,0,1,473,0,NA,.,0,1,HOURS,OUTPUT1,0,0,,QD,1,50,.,0,0,NA,1,0,28,1.4,2
1,1,190,190,1,62,1,474,0,NA,.,0,1,HOURS,OUTPUT1,0,0,,QD,1,50,.,0,0,NA,1,1,28,1.4,2
1,1,191,191,0,.,.,475,1,1400000,1,0,2,HOURS,INPUT1,0,0,,QD,1,50,PO,1,0,NA,2,0,28,1.4,1
1,1,191,191,0,0,1,476,0,NA,.,0,2,HOURS,OUTPUT1,0,0,,QD,1,50,.,0,0,NA,2,0,28,1.4,2
1,1,191,191,2,188.6,1,477,0,NA,.,0,2,HOURS,OUTPUT1,0,0,,QD,1,50,.,0,0,NA,2,2,28,1.4,2
1,1,192,192,0,.,.,478,1,1400000,1,0,4,HOURS,INPUT1,0,0,,QD,1,50,PO,1,0,NA,4,0,28,1.4,1
1,1,192,192,0,0,1,479,0,NA,.,0,4,HOURS,OUTPUT1,0,0,,QD,1,50,.,0,0,NA,4,0,28,1.4,2
1,1,192,192,4,124.1,1,480,0,NA,.,0,4,HOURS,OUTPUT1,0,0,,QD,1,50,.,0,0,NA,4,4,28,1.4,2
1,1,193,193,0,.,.,481,1,1400000,1,0,6,HOURS,INPUT1,0,0,,QD,1,50,PO,1,0,NA,6,0,28,1.4,1
1,1,193,193,0,0,1,482,0,NA,.,0,6,HOURS,OUTPUT1,0,0,,QD,1,50,.,0,0,NA,6,0,28,1.4,2
1,1,193,193,6,2.5,1,483,0,NA,.,0,6,HOURS,OUTPUT1,0,0,,QD,1,50,.,0,0,NA,6,6,28,1.4,2
1,1,194,194,0,.,.,484,1,1400000,1,0,8,HOURS,INPUT1,0,0,,QD,1,50,PO,1,0,NA,8,0,28,1.4,1
1,1,194,194,0,0,1,485,0,NA,.,0,8,HOURS,OUTPUT1,0,0,,QD,1,50,.,0,0,NA,8,0,28,1.4,2
1,1,194,194,8,6.9,1,486,0,NA,.,0,8,HOURS,OUTPUT1,0,0,,QD,1,50,.,0,0,NA,8,8,28,1.4,2
1,1,195,195,0,.,.,487,1,1400000,1,0,10,HOURS,INPUT1,0,0,,QD,1,50,PO,1,0,NA,10,0,28,1.4,1
1,1,195,195,0,0,1,488,0,NA,.,0,10,HOURS,OUTPUT1,0,0,,QD,1,50,.,0,0,NA,10,0,28,1.4,2
1,1,195,195,10,15.8,1,489,0,NA,.,0,10,HOURS,OUTPUT1,0,0,,QD,1,50,.,0,0,NA,10,10,28,1.4,2
1,1,196,196,0,.,.,490,1,1400000,1,0,12,HOURS,INPUT1,0,0,,QD,1,50,PO,1,0,NA,12,0,28,1.4,1
1,1,196,196,0,0,1,491,0,NA,.,0,12,HOURS,OUTPUT1,0,0,,QD,1,50,.,0,0,NA,12,0,28,1.4,2
1,1,196,196,12,2.2,1,492,0,NA,.,0,12,HOURS,OUTPUT1,0,0,,QD,1,50,.,0,0,NA,12,12,28,1.4,2
1,1,197,197,0,.,.,493,1,1400000,1,0,14,HOURS,INPUT1,0,0,,QD,1,50,PO,1,0,NA,14,0,28,1.4,1
1,1,197,197,0,0,1,494,0,NA,.,0,14,HOURS,OUTPUT1,0,0,,QD,1,50,.,0,0,NA,14,0,28,1.4,2
1,1,197,197,14,1.1,1,495,0,NA,.,0,14,HOURS,OUTPUT1,0,0,,QD,1,50,.,0,0,NA,14,14,28,1.4,2
1,1,198,198,0,.,.,496,1,1400000,1,0,16,HOURS,INPUT1,0,0,,QD,1,50,PO,1,0,NA,16,0,28,1.4,1
1,1,198,198,0,0,1,497,0,NA,.,0,16,HOURS,OUTPUT1,0,0,,QD,1,50,.,0,0,NA,16,0,28,1.4,2
1,1,198,198,16,41.5,1,498,0,NA,.,0,16,HOURS,OUTPUT1,0,0,,QD,1,50,.,0,0,NA,16,16,28,1.4,2
1,1,199,199,0,.,.,499,1,1400000,1,0,20,HOURS,INPUT1,0,0,,QD,1,50,PO,1,0,NA,20,0,28,1.4,1
1,1,199,199,0,0,1,500,0,NA,.,0,20,HOURS,OUTPUT1,0,0,,QD,1,50,.,0,0,NA,20,0,28,1.4,2
1,1,199,199,20,7.2,1,501,0,NA,.,0,20,HOURS,OUTPUT1,0,0,,QD,1,50,.,0,0,NA,20,20,28,1.4,2
1,1,200,200,0,.,.,502,1,1400000,1,0,24,HOURS,INPUT1,0,0,,QD,1,50,PO,1,0,NA,24,0,28,1.4,1
1,1,200,200,0,0,1,503,0,NA,.,0,24,HOURS,OUTPUT1,0,0,,QD,1,50,.,0,0,NA,24,0,28,1.4,2
1,1,200,200,24,0.5,1,504,0,NA,.,0,24,HOURS,OUTPUT1,0,0,,QD,1,50,.,0,0,NA,24,24,28,1.4,2
1,1,201,201,0,.,.,505,1,1400000,1,0,28,HOURS,INPUT1,0,0,,QD,1,50,PO,1,0,NA,28,0,28,1.4,1
1,1,201,201,0,0,1,506,0,NA,.,0,28,HOURS,OUTPUT1,0,0,,QD,1,50,.,0,0,NA,28,0,28,1.4,2
1,1,201,201,28,5.6,1,507,0,NA,.,0,28,HOURS,OUTPUT1,0,0,,QD,1,50,.,0,0,NA,28,28,28,1.4,2
1,1,202,202,0,.,.,508,1,1400000,1,0,0.25,HOURS,INPUT1,0,0,,QD,1,50,PO,1,0,NA,0.25,0,28,1.4,1
1,1,202,202,0,0,1,509,0,NA,.,0,0.25,HOURS,OUTPUT1,0,0,,QD,1,50,.,0,0,NA,0.25,0,28,1.4,2
1,1,202,202,0.25,67.7,1,510,0,NA,.,0,0.25,HOURS,OUTPUT1,0,0,,QD,1,50,.,0,0,NA,0.25,0.25,28,1.4,2
1,1,203,203,0,.,.,511,1,1400000,1,0,0.5,HOURS,INPUT1,0,0,,QD,1,50,PO,1,0,NA,0.5,0,28,1.4,1
1,1,203,203,0,0,1,512,0,NA,.,0,0.5,HOURS,OUTPUT1,0,0,,QD,1,50,.,0,0,NA,0.5,0,28,1.4,2
1,1,203,203,0.5,42.6,1,513,0,NA,.,0,0.5,HOURS,OUTPUT1,0,0,,QD,1,50,.,0,0,NA,0.5,0.5,28,1.4,2
1,1,204,204,0,.,.,514,1,1400000,1,0,1,HOURS,INPUT1,0,0,,QD,1,50,PO,1,0,NA,1,0,28,1.4,1
1,1,204,204,0,0,1,515,0,NA,.,0,1,HOURS,OUTPUT1,0,0,,QD,1,50,.,0,0,NA,1,0,28,1.4,2
1,1,204,204,1,39.9,1,516,0,NA,.,0,1,HOURS,OUTPUT1,0,0,,QD,1,50,.,0,0,NA,1,1,28,1.4,2
1,1,205,205,0,.,.,517,1,1400000,1,0,2,HOURS,INPUT1,0,0,,QD,1,50,PO,1,0,NA,2,0,28,1.4,1
1,1,205,205,0,0,1,518,0,NA,.,0,2,HOURS,OUTPUT1,0,0,,QD,1,50,.,0,0,NA,2,0,28,1.4,2
1,1,205,205,2,248.6,1,519,0,NA,.,0,2,HOURS,OUTPUT1,0,0,,QD,1,50,.,0,0,NA,2,2,28,1.4,2
1,1,206,206,0,.,.,520,1,1400000,1,0,4,HOURS,INPUT1,0,0,,QD,1,50,PO,1,0,NA,4,0,28,1.4,1
1,1,206,206,0,0,1,521,0,NA,.,0,4,HOURS,OUTPUT1,0,0,,QD,1,50,.,0,0,NA,4,0,28,1.4,2
1,1,206,206,4,22.1,1,522,0,NA,.,0,4,HOURS,OUTPUT1,0,0,,QD,1,50,.,0,0,NA,4,4,28,1.4,2
1,1,207,207,0,.,.,523,1,1400000,1,0,6,HOURS,INPUT1,0,0,,QD,1,50,PO,1,0,NA,6,0,28,1.4,1
1,1,207,207,0,0,1,524,0,NA,.,0,6,HOURS,OUTPUT1,0,0,,QD,1,50,.,0,0,NA,6,0,28,1.4,2
1,1,207,207,6,59.1,1,525,0,NA,.,0,6,HOURS,OUTPUT1,0,0,,QD,1,50,.,0,0,NA,6,6,28,1.4,2
1,1,208,208,0,.,.,526,1,1400000,1,0,8,HOURS,INPUT1,0,0,,QD,1,50,PO,1,0,NA,8,0,28,1.4,1
1,1,208,208,0,0,1,527,0,NA,.,0,8,HOURS,OUTPUT1,0,0,,QD,1,50,.,0,0,NA,8,0,28,1.4,2
1,1,208,208,8,8.7,1,528,0,NA,.,0,8,HOURS,OUTPUT1,0,0,,QD,1,50,.,0,0,NA,8,8,28,1.4,2
1,1,209,209,0,.,.,529,1,1400000,1,0,10,HOURS,INPUT1,0,0,,QD,1,50,PO,1,0,NA,10,0,28,1.4,1
1,1,209,209,0,0,1,530,0,NA,.,0,10,HOURS,OUTPUT1,0,0,,QD,1,50,.,0,0,NA,10,0,28,1.4,2
1,1,209,209,10,3.4,1,531,0,NA,.,0,10,HOURS,OUTPUT1,0,0,,QD,1,50,.,0,0,NA,10,10,28,1.4,2
1,1,210,210,0,.,.,532,1,1400000,1,0,12,HOURS,INPUT1,0,0,,QD,1,50,PO,1,0,NA,12,0,28,1.4,1
1,1,210,210,0,0,1,533,0,NA,.,0,12,HOURS,OUTPUT1,0,0,,QD,1,50,.,0,0,NA,12,0,28,1.4,2
1,1,210,210,12,1.5,1,534,0,NA,.,0,12,HOURS,OUTPUT1,0,0,,QD,1,50,.,0,0,NA,12,12,28,1.4,2
1,1,211,211,0,.,.,535,1,1400000,1,0,14,HOURS,INPUT1,0,0,,QD,1,50,PO,1,0,NA,14,0,28,1.4,1
1,1,211,211,0,0,1,536,0,NA,.,0,14,HOURS,OUTPUT1,0,0,,QD,1,50,.,0,0,NA,14,0,28,1.4,2
1,1,211,211,14,1,1,537,0,NA,.,0,14,HOURS,OUTPUT1,0,0,,QD,1,50,.,0,0,NA,14,14,28,1.4,2
1,1,212,212,0,.,.,538,1,1400000,1,0,16,HOURS,INPUT1,0,0,,QD,1,50,PO,1,0,NA,16,0,28,1.4,1
1,1,212,212,0,0,1,539,0,NA,.,0,16,HOURS,OUTPUT1,0,0,,QD,1,50,.,0,0,NA,16,0,28,1.4,2
1,1,212,212,16,42.8,1,540,0,NA,.,0,16,HOURS,OUTPUT1,0,0,,QD,1,50,.,0,0,NA,16,16,28,1.4,2
1,1,213,213,0,.,.,541,1,1400000,1,0,20,HOURS,INPUT1,0,0,,QD,1,50,PO,1,0,NA,20,0,28,1.4,1
1,1,213,213,0,0,1,542,0,NA,.,0,20,HOURS,OUTPUT1,0,0,,QD,1,50,.,0,0,NA,20,0,28,1.4,2
1,1,213,213,20,0.8,1,543,0,NA,.,0,20,HOURS,OUTPUT1,0,0,,QD,1,50,.,0,0,NA,20,20,28,1.4,2
1,1,214,214,0,.,.,544,1,1400000,1,0,24,HOURS,INPUT1,0,0,,QD,1,50,PO,1,0,NA,24,0,28,1.4,1
1,1,214,214,0,0,1,545,0,NA,.,0,24,HOURS,OUTPUT1,0,0,,QD,1,50,.,0,0,NA,24,0,28,1.4,2
1,1,214,214,24,0.8,1,546,0,NA,.,0,24,HOURS,OUTPUT1,0,0,,QD,1,50,.,0,0,NA,24,24,28,1.4,2
1,1,215,215,0,.,.,547,1,1400000,1,0,28,HOURS,INPUT1,0,0,,QD,1,50,PO,1,0,NA,28,0,28,1.4,1
1,1,215,215,0,0,1,548,0,NA,.,0,28,HOURS,OUTPUT1,0,0,,QD,1,50,.,0,0,NA,28,0,28,1.4,2
1,1,215,215,28,0.4,1,549,0,NA,.,0,28,HOURS,OUTPUT1,0,0,,QD,1,50,.,0,0,NA,28,28,28,1.4,2
